Xg-qfsKN2_E, 0YY4L9bKVS5oLqL3qL78iv, Roki, Mikito P
KushW6zvazM, 3g2jMbl3XTP0k0cYb5rN6p, ヒバナ -Reloaded-, DECO*27
p2Irc9NPCtk, 0V7RxFamMkLN6tXR7S2t1W, ツギハギスタッカート, toa
a_rrj1Xh5LI, 2N1Gc90q9I4bbvpAmxptmw, フラジール, ぬゆり
VUIEJu4ZSUo, 5a3hAr4yUHBwk3xmIOoDRB, Charles, balloon
xOKplMgHxxA, 5rphHpZnxY9EGg8CdWSXPp, ハッピーシンセサイザ, EasyPop
Xg-qfsKN2_E, 5WCK18MbTKuOcmLsOXMaHd, ロキ, Mikito P
oEkGC2HV7rc, 390e40p9Mvodaa0kQU6j61, 劣等上等 feat. 鏡音リン・レン, Giga
yPFcDt4y0Dg, 2UgVu6N3rivSiDI7mIF7YQ, 自傷無色, sasanomaly
rLYtecBVHrs, 7qdIR2jTfgOvsQSWHPjjIJ, Just Be Friends, Dixie Flatline
bmkY2yc1K7Q, 0avbIGWVb4n7CcbomSEogt, Teo, Omoi
CPxxurEcGTw, 10aURDc5wCO14NOKOHeBC0, ドクター=ファンクビート, nyanyannya
-M4sAQYi6r4, 1CEC3JNSQy8OQXmnuLcA1D, ハロ/ハワユ, ナノウ
g2MNFAMluSs, 3ZXkNy6OVQsdSc3hXs7yi1, ブリキノダンス, 日向電工
WiUjG9fF3zw, 4QaDgEbUd91TklG65p65JK, ビバハピ, Mitchie M
vqiULULdvMA, 43oSdS0TKTePqTpjushq0u, ぼうけんのしょがきえました!, Wonderful★opportunity!
4YHUamjfJ0k, 38VPKnanXWhNiv0NueMyh9, Melt 10th ANNIVERSARY MIX, ryo (supercell)
PqJNc9KVIZE, 6kBNaF6seD0JqFl4aBJ55e, Tell Your World, livetune
ajlDAQeWQKE, 4pMpj2VgkKVzMSC9dB46me, NEXT NEST, satuki ga tenkomori
VWVtIg5cdDU, 2NM47duQ34zuzD1VlrBYpI, 消失, cosMo@Bousou-P
_qbKRIwkTCc, 5ZZxJT6yZmunR0cESxLocI, Aoku Kakero!, Marasy
wzX86WxyDI0, 1bAKgPX1AL7zTlkygZ8wPH, Kiminoyozora Shoukaihan (Voice: Ia), Orangestar
7uacnNTk7I8, 2pBiBGznAht0sPhsF1WbRP, ニア, 夏代孝明
MqDsGAPtpXE, 4tzocptpoYkNibDpEPxLhr, World is Mine -MIKUNOPOLIS in LOS ANGELES Live-, ryo (supercell)
g7dvpD_zlIM, 4TwBwV4Iupv1nfW6ybnMiP, ダンスロボットダンス, Nayutalien
RKtoreimcQ8, 7kgTu64wW8N6s4GTk0ksNO, Hand in Hand, livetune
98YWS7WuB0o, 0mkNGxmIlBCtkNeWr0PY0n, Yobanashi Deseive, Jin
ERo-sPa1a5g, 5XJh3VbvvnGYrkubcQwzys, Gimme×Gimme feat. 初音ミク・鏡音リン, Hachioji P
pzjLccPoGUs, 2lXu7SNGIKHJ8EV2EetYFa, 命に嫌われている。, majiko
XAg1jDDG49Y, 1GxzaUNoSvzNqL4JB9ztXq, Ready Steady (feat. Hatsune Miku, Kagamine Rin, Kagamine Len), Giga
4QL9tLfVFJg, 4dCEyujUOXbLxF3FS8ffFM, Newly Edgy Idols (feat. Hatsune Miku, Kagamine Rin, Megurine Luka, Meiko), Mitchie M
E1PGiyRjqkU, 4SivZo3HhkyzRF7PAmq9tq, ジャンキーナイトタウンオーケストラ, すりぃ
u5mHVUwDf_0, 3RannlvnBgRRNY2gg940x7, 脱法ロック, Neru
OuLZlZ18APQ, 11NoD6DdxrVB8LGUSIzadp, 39みゅーじっく!, Mikito P
vnw8zURAxkU, 5VJPBUVqxzLWmzzlJZy4r2, Rollin’ Girl, wowaka
ZEy36W1xX8c, 0PKSmRo2gUn3owCSy9LaGa, MeltyLandNightmare, Harumakigohan
WmK51wb3JJI, 2IB3U5cktSu6ERw7nVIEzO, 裏表ラバーズ -MIKUNOPOLIS in LOS ANGELES Live-, wowaka
P_CSdxSGfaA, 75YpJhoHLbppbkPWytGQAI, アンノウン・マザーグース, Hitorie
7zwCIz-Ohn4, 7Lpm4GU78jmjSrQDhiAqzJ, 乙女解剖, DECO*27
7JANm3jOb2k, 7d66NXUtZmUpHKYMgk9Q77, ウミユリ海底譚, n-buna
UC_qla6FQwM, 0H1iMm1pO61srixV0rGYRe, ヒビカセ, Reol
1gHHgx8bTxc, 1LMjDhvsO4uokJN9kk2SIM, Hello, Planet, sasakure.UK
_j0kfGNwIlw, 0M1JGQcBPw0Wx4HJTYSnAz, チュルリラ・チュルリラ・ダッダッダ!, WADATAKEAKI KurageP
a-Nf3QUFkOU, 5rqn19oB0lGKgTxHkIEChk, ブレス・ユア・ブレス, 和田たけあき
cQKGUgOfD8U, 7hrUR3R2bOkbMS7RgnGGsA, Echo, CIRCRUSH
jJzw1h5CR-I, 1FNHnj59xiQ7EFMOJBhLcp, Dramaturgy, Eve
2KrCmAWrrKI, 2FWyZEn3QfzrwhN1a06Cko, Brand New Day, irucaice
B2llCEKbxwA, 5Jv4O9lz1xAlik1SKgF3HJ, ジャックポットサッドガール, syudou
y7RfoyBJxCg, 4s7KnWUsQV7l8liH17Mgkl, alive, 市瀬るぽ
hk1L0ZV2bVc, 5oUBjW4Bc69fcYBak14CyO, on the rocks, OSTER project
shs0rAiwsGQ, 38mUTswfszVFQ952r89AP8, 千本桜, KuroUsa
